id;title;description;identity;duedate;completed
1;astride gleaming;equipment off;23602;2024-08-15;false
2;hm or;towards creosote;1351;2024-08-15;true
3;whimsical;regarding;27375;2024-08-15;true
4;studio honesty;cavort loosely;22223;2024-08-15;false
5;pester;nettle;17866;2024-08-15;false
6;wed which;short-term whoever whoever;29531;2024-08-14;false
7;a hairy;before without automate;23093;2024-08-15;true
8;flawed modulo pristine;supposing;31306;2024-08-15;true
9;paint lasting gadzooks;prime far-flung or;1459;2024-08-15;false
10;boo frigid;aboard relieved;9674;2024-08-14;true
